Time,Demand
2019,54186.63016
2020,54528.86151
2021,54905.31599
2022,55281.77048
2023,55658.22496
2024,56034.67944
2025,56411.13393
2026,56787.58841
2027,57164.04289
2028,57540.49738
2029,57916.95186
2030,57951.17499
2031,58624.22998
2032,59297.28496
2033,59970.33995
2034,60643.39493
2035,61316.44992
2036,61989.50491
2037,62662.55989
2038,63335.61488
2039,64008.66986
2040,64681.72485
2041,65571.52635
2042,66461.32786
2043,67351.12936
2044,68240.93087
2045,69130.73238
2046,70020.53388
2047,70910.33539
2048,71800.13689
2049,72689.9384
2050,73579.7399
